{"count":1,"self":79.978444799999991,"total":81.783044199999992,"children":{"InitializeActuators":{"count":2,"self":0.0019644,"total":0.0019644,"children":null},"InitializeSensors":{"count":2,"self":0.0015044,"total":0.0015044,"children":null},"AgentSendState":{"count":12467,"self":0.25295609999999996,"total":0.711729,"children":{"CollectObservations":{"count":4988,"self":0.0103283,"total":0.0103283,"children":null},"WriteActionMask":{"count":4988,"self":0.00051269999999999994,"total":0.00051269999999999994,"children":null},"RequestDecision":{"count":4988,"self":0.4427935,"total":0.4479319,"children":{"RayPerceptionSensor.Perceive":{"count":7482,"self":0.0051383999999999996,"total":0.0051383999999999996,"children":null}}}}},"DecideAction":{"count":12467,"self":1.0114459,"total":1.0317775999999999,"children":{"RayPerceptionSensor.Perceive":{"count":7482,"self":0.020331699999999998,"total":0.020331699999999998,"children":null}}},"AgentAct":{"count":12467,"self":0.057625699999999995,"total":0.057625699999999995,"children":null}},"gauges":{},"metadata":{"timer_format_version":"0.1.0","start_time_seconds":"1759836695","unity_version":"6000.1.8f1","command_line_arguments":"C:\\Program Files\\Unity\\Hub\\Editor\\6000.1.8f1\\Editor\\Unity.exe -projectpath C:\\Users\\MBuzurin2024\\Documents\\PR5\\Hummingbird -useHub -hubIPC -cloudEnvironment production -licensingIpc LicenseClient-MBuzurin2024 -hubSessionId 51bf4247-3358-4f39-881f-924dcbc9f1fa -accessToken aEzwgBwvDYxq4uNkhzjhmvi7Yp5nMEW7k3MlrnJm-mo001f","communication_protocol_version":"1.5.0","com.unity.ml-agents_version":"2.0.1","scene_name":"FlowerIsland","end_time_seconds":"1759836777"}}