{
    "name": "root",
    "metadata": {
        "timer_format_version": "0.1.0",
        "start_time_seconds": "1758798604",
        "python_version": "3.9.13 (tags/v3.9.13:6de2ca5, May 17 2022, 16:36:42) [MSC v.1929 64 bit (AMD64)]",
        "command_line_arguments": "C:\\Users\\MBuzurin2024\\Documents\\GitHub\\PR5\\MLAgents\\venv\\Scripts\\mlagents-learn --run-id=Test67 --resume",
        "mlagents_version": "0.30.0",
        "mlagents_envs_version": "0.30.0",
        "communication_protocol_version": "1.5.0",
        "pytorch_version": "2.8.0+cpu",
        "numpy_version": "1.21.2",
        "end_time_seconds": "1758798684"
    },
    "total": 79.96607709999999,
    "count": 1,
    "self": 0.004193199999988906,
    "children": {
        "run_training.setup": {
            "total": 0.05716270000000012,
            "count": 1,
            "self": 0.05716270000000012
        },
        "TrainerController.start_learning": {
            "total": 79.9047212,
            "count": 1,
            "self": 0.01732910000005461,
            "children": {
                "TrainerController._reset_env": {
                    "total": 10.4497263,
                    "count": 1,
                    "self": 10.4497263
                },
                "TrainerController.advance": {
                    "total": 69.36205429999994,
                    "count": 1705,
                    "self": 0.017385699999934445,
                    "children": {
                        "env_step": {
                            "total": 69.11463110000003,
                            "count": 1705,
                            "self": 68.40702440000003,
                            "children": {
                                "SubprocessEnvManager._take_step": {
                                    "total": 0.6961571000000042,
                                    "count": 1705,
                                    "self": 0.053544300000034184,
                                    "children": {
                                        "TorchPolicy.evaluate": {
                                            "total": 0.64261279999997,
                                            "count": 1704,
                                            "self": 0.64261279999997
                                        }
                                    }
                                },
                                "workers": {
                                    "total": 0.011449599999995286,
                                    "count": 1704,
                                    "self": 0.0,
                                    "children": {
                                        "worker_root": {
                                            "total": 8.030708699999973,
                                            "count": 1704,
                                            "is_parallel": true,
                                            "self": 3.5891498999999314,
                                            "children": {
                                                "steps_from_proto": {
                                                    "total": 0.00025909999999917943,
                                                    "count": 1,
                                                    "is_parallel": true,
                                                    "self": 9.029999999832228e-05,
                                                    "children": {
                                                        "_process_rank_one_or_two_observation": {
                                                            "total": 0.00016880000000085715,
                                                            "count": 2,
                                                            "is_parallel": true,
                                                            "self": 0.00016880000000085715
                                                        }
                                                    }
                                                },
                                                "UnityEnvironment.step": {
                                                    "total": 4.441299700000043,
                                                    "count": 1704,
                                                    "is_parallel": true,
                                                    "self": 0.07659460000005858,
                                                    "children": {
                                                        "UnityEnvironment._generate_step_input": {
                                                            "total": 0.09145699999995749,
                                                            "count": 1704,
                                                            "is_parallel": true,
                                                            "self": 0.09145699999995749
                                                        },
                                                        "communicator.exchange": {
                                                            "total": 4.088251600000003,
                                                            "count": 1704,
                                                            "is_parallel": true,
                                                            "self": 4.088251600000003
                                                        },
                                                        "steps_from_proto": {
                                                            "total": 0.18499650000002354,
                                                            "count": 1704,
                                                            "is_parallel": true,
                                                            "self": 0.09367239999998311,
                                                            "children": {
                                                                "_process_rank_one_or_two_observation": {
                                                                    "total": 0.09132410000004043,
                                                                    "count": 3408,
                                                                    "is_parallel": true,
                                                                    "self": 0.09132410000004043
                                                                }
                                                            }
                                                        }
                                                    }
                                                }
                                            }
                                        }
                                    }
                                }
                            }
                        },
                        "trainer_advance": {
                            "total": 0.23003749999997503,
                            "count": 1704,
                            "self": 0.01720779999993738,
                            "children": {
                                "process_trajectory": {
                                    "total": 0.21282970000003765,
                                    "count": 1704,
                                    "self": 0.21282970000003765
                                }
                            }
                        }
                    }
                },
                "TrainerController._save_models": {
                    "total": 0.07561150000000794,
                    "count": 1,
                    "self": 0.003310800000008385,
                    "children": {
                        "RLTrainer._checkpoint": {
                            "total": 0.07230069999999955,
                            "count": 1,