{
    "name": "root",
    "metadata": {
        "timer_format_version": "0.1.0",
        "start_time_seconds": "1758702105",
        "python_version": "3.9.13 (tags/v3.9.13:6de2ca5, May 17 2022, 16:36:42) [MSC v.1929 64 bit (AMD64)]",
        "command_line_arguments": "C:\\Users\\MBuzurin2024\\Documents\\GitHub\\PR5\\MLAgents\\venv\\Scripts\\mlagents-learn --run-id=Test2",
        "mlagents_version": "0.30.0",
        "mlagents_envs_version": "0.30.0",
        "communication_protocol_version": "1.5.0",
        "pytorch_version": "2.8.0+cpu",
        "numpy_version": "1.21.2",
        "end_time_seconds": "1758702190"
    },
    "total": 85.1438794,
    "count": 1,
    "self": 0.0056524999999965075,
    "children": {
        "run_training.setup": {
            "total": 0.05569159999999984,
            "count": 1,
            "self": 0.05569159999999984
        },
        "TrainerController.start_learning": {
            "total": 85.0825353,
            "count": 1,
            "self": 0.027149799999975244,
            "children": {
                "TrainerController._reset_env": {
                    "total": 13.3227216,
                    "count": 1,
                    "self": 13.3227216
                },
                "TrainerController.advance": {
                    "total": 71.60105950000003,
                    "count": 3044,
                    "self": 0.027953600000017786,
                    "children": {
                        "env_step": {
                            "total": 71.35605340000004,
                            "count": 3044,
                            "self": 70.17161660000006,
                            "children": {
                                "SubprocessEnvManager._take_step": {
                                    "total": 1.1658080000000552,
                                    "count": 3044,
                                    "self": 0.08845019999985482,
                                    "children": {
                                        "TorchPolicy.evaluate": {
                                            "total": 1.0773578000002004,
                                            "count": 3044,
                                            "self": 1.0773578000002004
                                        }
                                    }
                                },
                                "workers": {
                                    "total": 0.018628799999920176,
                                    "count": 3043,
                                    "self": 0.0,
                                    "children": {
                                        "worker_root": {
                                            "total": 11.174387700000036,
                                            "count": 3043,
                                            "is_parallel": true,
                                            "self": 5.446553900000019,
                                            "children": {
                                                "steps_from_proto": {
                                                    "total": 0.0003084000000015408,
                                                    "count": 1,
                                                    "is_parallel": true,
                                                    "self": 8.520000000267203e-05,
                                                    "children": {
                                                        "_process_rank_one_or_two_observation": {
                                                            "total": 0.00022319999999886875,
                                                            "count": 2,
                                                            "is_parallel": true,
                                                            "self": 0.00022319999999886875
                                                        }
                                                    }
                                                },
                                                "UnityEnvironment.step": {
                                                    "total": 5.727525400000015,
                                                    "count": 3043,
                                                    "is_parallel": true,
                                                    "self": 0.11526139999991969,
                                                    "children": {
                                                        "UnityEnvironment._generate_step_input": {
                                                            "total": 0.11333330000000252,
                                                            "count": 3043,
                                                            "is_parallel": true,
                                                            "self": 0.11333330000000252
                                                        },
                                                        "communicator.exchange": {
                                                            "total": 5.211619199999996,
                                                            "count": 3043,
                                                            "is_parallel": true,
                                                            "self": 5.211619199999996
                                                        },
                                                        "steps_from_proto": {
                                                            "total": 0.2873115000000972,
                                                            "count": 3043,
                                                            "is_parallel": true,
                                                            "self": 0.15115100000018877,
                                                            "children": {
                                                                "_process_rank_one_or_two_observation": {
                                                                    "total": 0.13616049999990842,
                                                                    "count": 6086,
                                                                    "is_parallel": true,
                                                                    "self": 0.13616049999990842
                                                                }
                                                            }
                                                        }
                                                    }
                                                }
                                            }
                                        }
                                    }
                                }
                            }
                        },
                        "trainer_advance": {
                            "total": 0.21705249999997633,
                            "count": 3043,
                            "self": 0.02846330000010866,
                            "children": {
                                "process_trajectory": {
                                    "total": 0.18858919999986767,
                                    "count": 3043,
                                    "self": 0.18858919999986767
                                }
                            }
                        }
                    }
                },
                "TrainerController._save_models": {
                    "total": 0.1316044000000005,
                    "count": 1,
                    "self": 0.003943200000009028,
                    "children": {
                        "RLTrainer._checkpoint": {
                            "total": 0.12766119999999148,
                            "count": 1,