{
    "name": "root",
    "metadata": {
        "timer_format_version": "0.1.0",
        "start_time_seconds": "1758702438",
        "python_version": "3.9.13 (tags/v3.9.13:6de2ca5, May 17 2022, 16:36:42) [MSC v.1929 64 bit (AMD64)]",
        "command_line_arguments": "C:\\Users\\MBuzurin2024\\Documents\\GitHub\\PR5\\MLAgents\\venv\\Scripts\\mlagents-learn --run-id=Test4",
        "mlagents_version": "0.30.0",
        "mlagents_envs_version": "0.30.0",
        "communication_protocol_version": "1.5.0",
        "pytorch_version": "2.8.0+cpu",
        "numpy_version": "1.21.2",
        "end_time_seconds": "1758702481"
    },
    "total": 43.3621338,
    "count": 1,
    "self": 10.006385200000004,
    "children": {
        "run_training.setup": {
            "total": 0.046181200000000366,
            "count": 1,
            "self": 0.046181200000000366
        },
        "TrainerController.start_learning": {
            "total": 33.3095674,
            "count": 1,
            "self": 0.059564799999840545,
            "children": {
                "TrainerController._reset_env": {
                    "total": 9.161477300000001,
                    "count": 1,
                    "self": 9.161477300000001
                },
                "TrainerController.advance": {
                    "total": 24.017329900000156,
                    "count": 6214,
                    "self": 0.057968600000389614,
                    "children": {
                        "env_step": {
                            "total": 23.68444329999996,
                            "count": 6214,
                            "self": 21.360897100000177,
                            "children": {
                                "SubprocessEnvManager._take_step": {
                                    "total": 2.2843621999999435,
                                    "count": 6215,
                                    "self": 0.17782430000008986,
                                    "children": {
                                        "TorchPolicy.evaluate": {
                                            "total": 2.1065378999998536,
                                            "count": 6215,
                                            "self": 2.1065378999998536
                                        }
                                    }
                                },
                                "workers": {
                                    "total": 0.0391839999998389,
                                    "count": 6213,
                                    "self": 0.0,
                                    "children": {
                                        "worker_root": {
                                            "total": 21.25163279999981,
                                            "count": 6213,
                                            "is_parallel": true,
                                            "self": 6.996895599999835,
                                            "children": {
                                                "steps_from_proto": {
                                                    "total": 0.0005159000000007907,
                                                    "count": 2,
                                                    "is_parallel": true,
                                                    "self": 0.00019679999999944187,
                                                    "children": {
                                                        "_process_rank_one_or_two_observation": {
                                                            "total": 0.00031910000000134886,
                                                            "count": 4,
                                                            "is_parallel": true,
                                                            "self": 0.00031910000000134886
                                                        }
                                                    }
                                                },
                                                "UnityEnvironment.step": {
                                                    "total": 14.254221299999976,
                                                    "count": 6213,
                                                    "is_parallel": true,
                                                    "self": 0.22555940000003893,
                                                    "children": {
                                                        "UnityEnvironment._generate_step_input": {
                                                            "total": 0.1875091999999885,
                                                            "count": 6213,
                                                            "is_parallel": true,
                                                            "self": 0.1875091999999885
                                                        },
                                                        "communicator.exchange": {
                                                            "total": 13.282902100000005,
                                                            "count": 6213,
                                                            "is_parallel": true,
                                                            "self": 13.282902100000005
                                                        },
                                                        "steps_from_proto": {
                                                            "total": 0.5582505999999441,
                                                            "count": 6213,
                                                            "is_parallel": true,
                                                            "self": 0.3035959000000039,
                                                            "children": {
                                                                "_process_rank_one_or_two_observation": {
                                                                    "total": 0.25465469999994017,
                                                                    "count": 12426,
                                                                    "is_parallel": true,
                                                                    "self": 0.25465469999994017
                                                                }
                                                            }
                                                        }
                                                    }
                                                }
                                            }
                                        }
                                    }
                                }
                            }
                        },
                        "trainer_advance": {
                            "total": 0.2749179999998077,
                            "count": 6213,
                            "self": 0.05734969999999251,
                            "children": {
                                "process_trajectory": {
                                    "total": 0.2175682999998152,
                                    "count": 6213,
                                    "self": 0.2175682999998152
                                }
                            }
                        }
                    }
                },
                "trainer_threads": {
                    "total": 8.000000022434506e-07,
                    "count": 1,
                    "self": 8.000000022434506e-07
                },
                "TrainerController._save_models": {
                    "total": 0.07119459999999833,
                    "count": 1,
                    "self": 0.0030277999999981375,