{
    "name": "root",
    "metadata": {
        "timer_format_version": "0.1.0",
        "start_time_seconds": "1758897277",
        "python_version": "3.9.13 (tags/v3.9.13:6de2ca5, May 17 2022, 16:36:42) [MSC v.1929 64 bit (AMD64)]",
        "command_line_arguments": "C:\\Users\\mbuzurin2024\\Documents\\GitHub\\PR5\\MLAgents2\\venv\\Scripts\\mlagents-learn --run-id=Test8",
        "mlagents_version": "0.30.0",
        "mlagents_envs_version": "0.30.0",
        "communication_protocol_version": "1.5.0",
        "pytorch_version": "2.8.0+cpu",
        "numpy_version": "1.21.2",
        "end_time_seconds": "1758897367"
    },
    "total": 90.3994804,
    "count": 1,
    "self": 0.00485780000001057,
    "children": {
        "run_training.setup": {
            "total": 0.06746289999999977,
            "count": 1,
            "self": 0.06746289999999977
        },
        "TrainerController.start_learning": {
            "total": 90.3271597,
            "count": 1,
            "self": 0.04024599999988254,
            "children": {
                "TrainerController._reset_env": {
                    "total": 17.0818579,
                    "count": 1,
                    "self": 17.0818579
                },
                "TrainerController.advance": {
                    "total": 73.09596330000011,
                    "count": 4340,
                    "self": 0.039645300000259454,
                    "children": {
                        "env_step": {
                            "total": 72.84411089999995,
                            "count": 4340,
                            "self": 71.25099740000005,
                            "children": {
                                "SubprocessEnvManager._take_step": {
                                    "total": 1.5659233000000583,
                                    "count": 4340,
                                    "self": 0.12214790000016151,
                                    "children": {
                                        "TorchPolicy.evaluate": {
                                            "total": 1.4437753999998968,
                                            "count": 4327,
                                            "self": 1.4437753999998968
                                        }
                                    }
                                },
                                "workers": {
                                    "total": 0.027190199999836295,
                                    "count": 4339,
                                    "self": 0.0,
                                    "children": {
                                        "worker_root": {
                                            "total": 12.455053700000047,
                                            "count": 4339,
                                            "is_parallel": true,
                                            "self": 6.193015900000054,
                                            "children": {
                                                "steps_from_proto": {
                                                    "total": 0.0002738000000004348,
                                                    "count": 1,
                                                    "is_parallel": true,
                                                    "self": 7.689999999982433e-05,
                                                    "children": {
                                                        "_process_rank_one_or_two_observation": {
                                                            "total": 0.00019690000000061048,
                                                            "count": 2,
                                                            "is_parallel": true,
                                                            "self": 0.00019690000000061048
                                                        }
                                                    }
                                                },
                                                "UnityEnvironment.step": {
                                                    "total": 6.261763999999992,
                                                    "count": 4339,
                                                    "is_parallel": true,
                                                    "self": 0.15009179999964672,
                                                    "children": {
                                                        "UnityEnvironment._generate_step_input": {
                                                            "total": 0.12520980000012827,
                                                            "count": 4339,
                                                            "is_parallel": true,
                                                            "self": 0.12520980000012827
                                                        },
                                                        "communicator.exchange": {
                                                            "total": 5.606001700000046,
                                                            "count": 4339,
                                                            "is_parallel": true,
                                                            "self": 5.606001700000046
                                                        },
                                                        "steps_from_proto": {
                                                            "total": 0.38046070000017096,
                                                            "count": 4339,
                                                            "is_parallel": true,
                                                            "self": 0.20752150000012648,
                                                            "children": {
                                                                "_process_rank_one_or_two_observation": {
                                                                    "total": 0.17293920000004448,
                                                                    "count": 8678,
                                                                    "is_parallel": true,
                                                                    "self": 0.17293920000004448
                                                                }
                                                            }
                                                        }
                                                    }
                                                }
                                            }
                                        }
                                    }
                                }
                            }
                        },
                        "trainer_advance": {
                            "total": 0.21220709999990106,
                            "count": 4339,
                            "self": 0.04131039999999686,
                            "children": {
                                "process_trajectory": {
                                    "total": 0.1708966999999042,
                                    "count": 4339,
                                    "self": 0.1708966999999042
                                }
                            }
                        }
                    }
                },
                "TrainerController._save_models": {
                    "total": 0.1090925000000027,
                    "count": 1,
                    "self": 0.003243600000004676,
                    "children": {
                        "RLTrainer._checkpoint": {
                            "total": 0.10584889999999803,
                            "count": 1,