{
    "name": "root",
    "metadata": {
        "timer_format_version": "0.1.0",
        "start_time_seconds": "1758702255",
        "python_version": "3.9.13 (tags/v3.9.13:6de2ca5, May 17 2022, 16:36:42) [MSC v.1929 64 bit (AMD64)]",
        "command_line_arguments": "C:\\Users\\MBuzurin2024\\Documents\\GitHub\\PR5\\MLAgents\\venv\\Scripts\\mlagents-learn --run-id=Test3",
        "mlagents_version": "0.30.0",
        "mlagents_envs_version": "0.30.0",
        "communication_protocol_version": "1.5.0",
        "pytorch_version": "2.8.0+cpu",
        "numpy_version": "1.21.2",
        "end_time_seconds": "1758702333"
    },
    "total": 78.461792,
    "count": 1,
    "self": 0.0050321000000081995,
    "children": {
        "run_training.setup": {
            "total": 0.055082500000000145,
            "count": 1,
            "self": 0.055082500000000145
        },
        "TrainerController.start_learning": {
            "total": 78.4016774,
            "count": 1,
            "self": 0.016215500000072325,
            "children": {
                "TrainerController._reset_env": {
                    "total": 10.4092446,
                    "count": 1,
                    "self": 10.4092446
                },
                "TrainerController.advance": {
                    "total": 67.91056449999992,
                    "count": 1707,
                    "self": 0.015365899999935095,
                    "children": {
                        "env_step": {
                            "total": 67.82014710000004,
                            "count": 1707,
                            "self": 67.18499660000015,
                            "children": {
                                "SubprocessEnvManager._take_step": {
                                    "total": 0.6243104999998756,
                                    "count": 1707,
                                    "self": 0.05025699999984923,
                                    "children": {
                                        "TorchPolicy.evaluate": {
                                            "total": 0.5740535000000264,
                                            "count": 1707,
                                            "self": 0.5740535000000264
                                        }
                                    }
                                },
                                "workers": {
                                    "total": 0.010840000000012395,
                                    "count": 1706,
                                    "self": 0.0,
                                    "children": {
                                        "worker_root": {
                                            "total": 6.487477000000004,
                                            "count": 1706,
                                            "is_parallel": true,
                                            "self": 3.0213287000000353,
                                            "children": {
                                                "steps_from_proto": {
                                                    "total": 0.00021599999999999397,
                                                    "count": 1,
                                                    "is_parallel": true,
                                                    "self": 7.760000000089917e-05,
                                                    "children": {
                                                        "_process_rank_one_or_two_observation": {
                                                            "total": 0.0001383999999990948,
                                                            "count": 2,
                                                            "is_parallel": true,
                                                            "self": 0.0001383999999990948
                                                        }
                                                    }
                                                },
                                                "UnityEnvironment.step": {
                                                    "total": 3.4659322999999684,
                                                    "count": 1706,
                                                    "is_parallel": true,
                                                    "self": 0.061453400000035074,
                                                    "children": {
                                                        "UnityEnvironment._generate_step_input": {
                                                            "total": 0.051825199999955274,
                                                            "count": 1706,
                                                            "is_parallel": true,
                                                            "self": 0.051825199999955274
                                                        },
                                                        "communicator.exchange": {
                                                            "total": 3.1973611999999854,
                                                            "count": 1706,
                                                            "is_parallel": true,
                                                            "self": 3.1973611999999854
                                                        },
                                                        "steps_from_proto": {
                                                            "total": 0.15529249999999273,
                                                            "count": 1706,
                                                            "is_parallel": true,
                                                            "self": 0.08454179999998779,
                                                            "children": {
                                                                "_process_rank_one_or_two_observation": {
                                                                    "total": 0.07075070000000494,
                                                                    "count": 3412,
                                                                    "is_parallel": true,
                                                                    "self": 0.07075070000000494
                                                                }
                                                            }
                                                        }
                                                    }
                                                }
                                            }
                                        }
                                    }
                                }
                            }
                        },
                        "trainer_advance": {
                            "total": 0.07505149999994032,
                            "count": 1706,
                            "self": 0.016963499999921083,
                            "children": {
                                "process_trajectory": {
                                    "total": 0.058088000000019235,
                                    "count": 1706,
                                    "self": 0.058088000000019235
                                }
                            }
                        }
                    }
                },
                "TrainerController._save_models": {
                    "total": 0.06565280000000939,
                    "count": 1,
                    "self": 0.0034369000000111782,
                    "children": {
                        "RLTrainer._checkpoint": {
                            "total": 0.062215899999998214,
                            "count": 1,