{
    "name": "root",
    "metadata": {
        "timer_format_version": "0.1.0",
        "start_time_seconds": "1759415274",
        "python_version": "3.9.13 (tags/v3.9.13:6de2ca5, May 17 2022, 16:36:42) [MSC v.1929 64 bit (AMD64)]",
        "command_line_arguments": "C:\\Users\\mbuzurin2024\\Documents\\GitHub\\PR5\\Hummingbird\\venv\\Scripts\\mlagents-learn --run-id=Bird1 --resume",
        "mlagents_version": "0.30.0",
        "mlagents_envs_version": "0.30.0",
        "communication_protocol_version": "1.5.0",
        "pytorch_version": "2.8.0+cpu",
        "numpy_version": "1.21.2",
        "end_time_seconds": "1759415411"
    },
    "total": 137.278332,
    "count": 1,
    "self": 0.009362600000002885,
    "children": {
        "run_training.setup": {
            "total": 0.07835040000000015,
            "count": 1,
            "self": 0.07835040000000015
        },
        "TrainerController.start_learning": {
            "total": 137.190619,
            "count": 1,
            "self": 0.0004007999999942058,
            "children": {
                "TrainerController._reset_env": {
                    "total": 12.2004503,
                    "count": 1,
                    "self": 12.2004503
                },
                "TrainerController.advance": {
                    "total": 124.85441010000001,
                    "count": 1,
                    "self": 1.8100000019671825e-05,
                    "children": {
                        "env_step": {
                            "total": 124.85439199999999,
                            "count": 1,
                            "self": 124.85438669999999,
                            "children": {
                                "SubprocessEnvManager._take_step": {
                                    "total": 5.299999999763827e-06,
                                    "count": 1,
                                    "self": 5.299999999763827e-06
                                }
                            }
                        }
                    }
                },
                "TrainerController._save_models": {
                    "total": 0.1353578000000084,
                    "count": 1,
                    "self": 0.006562199999990526,
                    "children": {
                        "RLTrainer._checkpoint": {
                            "total": 0.12879560000001788,
                            "count": 1,
                            "self": 0.12879560000001788
                        }
                    }
                }
            }
        }
    }
}